{"format":2,"version":"7.3.2","globals":"2a976d9730830a5dd63e93afe57b6e58","files":{"MERLIN_py":{"hash":"1f2b41353a8dfbb9bc5a2ff60fc6f613","index":{"nums":[0,1,264,0,138,110,12,78],"html_filename":"MERLIN_py.html","relative_filename":"MERLIN.py"}},"d_580062038b9d8347_ModelReader_py":{"hash":"41f695a7b6e5b1af785f3bb5d8f88107","index":{"nums":[0,1,25,0,0,4,0,0],"html_filename":"d_580062038b9d8347_ModelReader_py.html","relative_filename":"games\\dodgywalls\\actual\\ModelReader.py"}},"d_580062038b9d8347_Validator_py":{"hash":"69787cba9018a857efea1ec80455339d","index":{"nums":[0,1,186,0,59,62,15,31],"html_filename":"d_580062038b9d8347_Validator_py.html","relative_filename":"games\\dodgywalls\\actual\\Validator.py"}},"d_580062038b9d8347_objects_py":{"hash":"bf0466e782c41e7168389c0ada6b316c","index":{"nums":[0,1,147,0,34,28,5,13],"html_filename":"d_580062038b9d8347_objects_py.html","relative_filename":"games\\dodgywalls\\actual\\objects.py"}},"d_963696d48942cd4e_wrapper_py":{"hash":"06bddf5ab117bde4ef64ecb0dd84dfaf","index":{"nums":[0,1,143,0,5,30,6,6],"html_filename":"d_963696d48942cd4e_wrapper_py.html","relative_filename":"games\\dodgywalls\\mutants\\baseline\\wrapper.py"}},"main_py":{"hash":"5c0e86e869cabdfa348b2168cab58c17","index":{"nums":[0,1,40,0,1,6,3,3],"html_filename":"main_py.html","relative_filename":"main.py"}}}}