{"format":2,"version":"7.3.2","globals":"2a976d9730830a5dd63e93afe57b6e58","files":{"MERLIN_py":{"hash":"845f6d466c3e79b4de7e3fe6c6f2661e","index":{"nums":[0,1,264,0,142,110,15,79],"html_filename":"MERLIN_py.html","relative_filename":"MERLIN.py"}},"d_cb802ec40f71aa49_ModelReader_py":{"hash":"3a5f6f2599bdf574d7049b153d4820e4","index":{"nums":[0,1,26,0,0,4,0,0],"html_filename":"d_cb802ec40f71aa49_ModelReader_py.html","relative_filename":"games\\angrywalls\\actual\\ModelReader.py"}},"d_cb802ec40f71aa49_Validator_py":{"hash":"07cdf9c48fcd39f8ee4da2968414efb2","index":{"nums":[0,1,184,0,60,64,16,28],"html_filename":"d_cb802ec40f71aa49_Validator_py.html","relative_filename":"games\\angrywalls\\actual\\Validator.py"}},"d_40ace13fea1363d5_objects_py":{"hash":"35a5b5eb0b498a94a8fa4e2ee3a4303e","index":{"nums":[0,1,97,0,1,14,2,2],"html_filename":"d_40ace13fea1363d5_objects_py.html","relative_filename":"games\\angrywalls\\mutants\\baseline\\objects.py"}},"d_40ace13fea1363d5_wrapper_py":{"hash":"d02e67d3bbe9f883f0df6610a95cf1c3","index":{"nums":[0,1,264,0,15,84,17,19],"html_filename":"d_40ace13fea1363d5_wrapper_py.html","relative_filename":"games\\angrywalls\\mutants\\baseline\\wrapper.py"}},"main_py":{"hash":"5c0e86e869cabdfa348b2168cab58c17","index":{"nums":[0,1,40,0,1,6,3,3],"html_filename":"main_py.html","relative_filename":"main.py"}}}}