{"format":2,"version":"7.3.2","globals":"2a976d9730830a5dd63e93afe57b6e58","files":{"MERLIN_py":{"hash":"be6b4751d9411a78cf3c6a77b8c64414","index":{"nums":[0,1,264,0,143,110,15,81],"html_filename":"MERLIN_py.html","relative_filename":"MERLIN.py"}},"d_580062038b9d8347_ModelReader_py":{"hash":"41f695a7b6e5b1af785f3bb5d8f88107","index":{"nums":[0,1,25,0,0,4,0,0],"html_filename":"d_580062038b9d8347_ModelReader_py.html","relative_filename":"games\\dodgywalls\\actual\\ModelReader.py"}},"d_580062038b9d8347_Validator_py":{"hash":"e84cdca3cc09975301c3703923759a92","index":{"nums":[0,1,186,0,67,62,14,34],"html_filename":"d_580062038b9d8347_Validator_py.html","relative_filename":"games\\dodgywalls\\actual\\Validator.py"}},"d_580062038b9d8347_objects_py":{"hash":"195da07a33180c869e2c66b5c0bdb767","index":{"nums":[0,1,147,0,55,28,6,16],"html_filename":"d_580062038b9d8347_objects_py.html","relative_filename":"games\\dodgywalls\\actual\\objects.py"}},"d_963696d48942cd4e_wrapper_py":{"hash":"28bb19a7c96e12486797b0e9bc501e38","index":{"nums":[0,1,143,0,18,30,8,12],"html_filename":"d_963696d48942cd4e_wrapper_py.html","relative_filename":"games\\dodgywalls\\mutants\\baseline\\wrapper.py"}},"main_py":{"hash":"5c0e86e869cabdfa348b2168cab58c17","index":{"nums":[0,1,40,0,1,6,3,3],"html_filename":"main_py.html","relative_filename":"main.py"}}}}