{"format":2,"version":"7.3.2","globals":"2a976d9730830a5dd63e93afe57b6e58","files":{"MERLIN_py":{"hash":"39c8440d52e31ac34d42a1b22a3fbede","index":{"nums":[0,1,264,0,143,0,0,0],"html_filename":"MERLIN_py.html","relative_filename":"MERLIN.py"}},"d_cb802ec40f71aa49_ModelReader_py":{"hash":"521e624361c378150235a9797ac2beca","index":{"nums":[0,1,26,0,0,0,0,0],"html_filename":"d_cb802ec40f71aa49_ModelReader_py.html","relative_filename":"games\\angrywalls\\actual\\ModelReader.py"}},"d_cb802ec40f71aa49_Validator_py":{"hash":"c3641d3391a24c7824bdb27ef36222b3","index":{"nums":[0,1,184,0,56,0,0,0],"html_filename":"d_cb802ec40f71aa49_Validator_py.html","relative_filename":"games\\angrywalls\\actual\\Validator.py"}},"d_40ace13fea1363d5_objects_py":{"hash":"73d456db89506c7de2e640d86cefb971","index":{"nums":[0,1,97,0,28,0,0,0],"html_filename":"d_40ace13fea1363d5_objects_py.html","relative_filename":"games\\angrywalls\\mutants\\baseline\\objects.py"}},"d_40ace13fea1363d5_wrapper_py":{"hash":"0d4aefd398b455d4a6d9f9d05d77e755","index":{"nums":[0,1,264,0,60,0,0,0],"html_filename":"d_40ace13fea1363d5_wrapper_py.html","relative_filename":"games\\angrywalls\\mutants\\baseline\\wrapper.py"}},"main_py":{"hash":"74a6824d4a756e25524f26d95b64b870","index":{"nums":[0,1,40,0,1,0,0,0],"html_filename":"main_py.html","relative_filename":"main.py"}}}}