{"format":2,"version":"7.3.2","globals":"2a976d9730830a5dd63e93afe57b6e58","files":{"MERLIN_py":{"hash":"0005d9d1f5a48d2bb4bb39fd3ee3fd00","index":{"nums":[0,1,264,0,141,110,13,79],"html_filename":"MERLIN_py.html","relative_filename":"MERLIN.py"}},"d_db8594f1ce16b303_ModelReader_py":{"hash":"9f59555f732133cd89745cd4bf90ac89","index":{"nums":[0,1,24,0,0,4,0,0],"html_filename":"d_db8594f1ce16b303_ModelReader_py.html","relative_filename":"games\\flappybird\\actual\\ModelReader.py"}},"d_db8594f1ce16b303_Validator_py":{"hash":"a7009691b1a73b444eba9cf6f2f23ddf","index":{"nums":[0,1,185,0,63,74,18,38],"html_filename":"d_db8594f1ce16b303_Validator_py.html","relative_filename":"games\\flappybird\\actual\\Validator.py"}},"d_db8594f1ce16b303_wrapper_py":{"hash":"998246d7594b4c8198480e82612de2e8","index":{"nums":[0,1,101,0,80,30,0,30],"html_filename":"d_db8594f1ce16b303_wrapper_py.html","relative_filename":"games\\flappybird\\actual\\wrapper.py"}},"d_fd06840f039c555f_sprites_py":{"hash":"21ad9dba13e80d7ea1c277408d8f3ff2","index":{"nums":[0,1,167,0,14,42,6,14],"html_filename":"d_fd06840f039c555f_sprites_py.html","relative_filename":"games\\flappybird\\mutants\\baseline\\sprites.py"}},"d_fd06840f039c555f_wrapper_py":{"hash":"7d4b60de965a5a892ce314e835cee1f0","index":{"nums":[0,1,89,0,1,18,0,0],"html_filename":"d_fd06840f039c555f_wrapper_py.html","relative_filename":"games\\flappybird\\mutants\\baseline\\wrapper.py"}},"main_py":{"hash":"5c0e86e869cabdfa348b2168cab58c17","index":{"nums":[0,1,40,0,1,6,3,3],"html_filename":"main_py.html","relative_filename":"main.py"}}}}