{"format":2,"version":"7.3.2","globals":"2a976d9730830a5dd63e93afe57b6e58","files":{"MERLIN_py":{"hash":"be6b4751d9411a78cf3c6a77b8c64414","index":{"nums":[0,1,264,0,143,110,15,81],"html_filename":"MERLIN_py.html","relative_filename":"MERLIN.py"}},"d_580062038b9d8347_ModelReader_py":{"hash":"41f695a7b6e5b1af785f3bb5d8f88107","index":{"nums":[0,1,25,0,0,4,0,0],"html_filename":"d_580062038b9d8347_ModelReader_py.html","relative_filename":"games\\dodgywalls\\actual\\ModelReader.py"}},"d_580062038b9d8347_Validator_py":{"hash":"69787cba9018a857efea1ec80455339d","index":{"nums":[0,1,186,0,59,62,15,31],"html_filename":"d_580062038b9d8347_Validator_py.html","relative_filename":"games\\dodgywalls\\actual\\Validator.py"}},"d_580062038b9d8347_objects_py":{"hash":"9f44daf232f481d498719645f4570605","index":{"nums":[0,1,147,0,54,28,5,15],"html_filename":"d_580062038b9d8347_objects_py.html","relative_filename":"games\\dodgywalls\\actual\\objects.py"}},"d_963696d48942cd4e_wrapper_py":{"hash":"1f72280e2ba65a5a45870056f676d68f","index":{"nums":[0,1,143,0,15,30,8,10],"html_filename":"d_963696d48942cd4e_wrapper_py.html","relative_filename":"games\\dodgywalls\\mutants\\baseline\\wrapper.py"}},"main_py":{"hash":"5c0e86e869cabdfa348b2168cab58c17","index":{"nums":[0,1,40,0,1,6,3,3],"html_filename":"main_py.html","relative_filename":"main.py"}}}}