{"format":2,"version":"7.3.2","globals":"2a976d9730830a5dd63e93afe57b6e58","files":{"MERLIN_py":{"hash":"36ad9835c3692f0ad8a0be4d3570c54e","index":{"nums":[0,1,264,0,140,110,13,79],"html_filename":"MERLIN_py.html","relative_filename":"MERLIN.py"}},"d_580062038b9d8347_ModelReader_py":{"hash":"41f695a7b6e5b1af785f3bb5d8f88107","index":{"nums":[0,1,25,0,0,4,0,0],"html_filename":"d_580062038b9d8347_ModelReader_py.html","relative_filename":"games\\dodgywalls\\actual\\ModelReader.py"}},"d_580062038b9d8347_Validator_py":{"hash":"e84cdca3cc09975301c3703923759a92","index":{"nums":[0,1,186,0,67,62,14,34],"html_filename":"d_580062038b9d8347_Validator_py.html","relative_filename":"games\\dodgywalls\\actual\\Validator.py"}},"d_580062038b9d8347_objects_py":{"hash":"bf0466e782c41e7168389c0ada6b316c","index":{"nums":[0,1,147,0,34,28,5,13],"html_filename":"d_580062038b9d8347_objects_py.html","relative_filename":"games\\dodgywalls\\actual\\objects.py"}},"d_963696d48942cd4e_wrapper_py":{"hash":"51871fa48cabe297c01f7b22b38b3245","index":{"nums":[0,1,143,0,8,30,6,8],"html_filename":"d_963696d48942cd4e_wrapper_py.html","relative_filename":"games\\dodgywalls\\mutants\\baseline\\wrapper.py"}},"main_py":{"hash":"5c0e86e869cabdfa348b2168cab58c17","index":{"nums":[0,1,40,0,1,6,3,3],"html_filename":"main_py.html","relative_filename":"main.py"}}}}