{"format":2,"version":"7.3.2","globals":"2a976d9730830a5dd63e93afe57b6e58","files":{"MERLIN_py":{"hash":"f811a83a67223d360883fb806adb52f5","index":{"nums":[0,1,264,0,140,110,15,79],"html_filename":"MERLIN_py.html","relative_filename":"MERLIN.py"}},"d_76063798605c420e_ModelReader_py":{"hash":"37e88a494b323273ec612d10b255beeb","index":{"nums":[0,1,26,0,0,4,0,0],"html_filename":"d_76063798605c420e_ModelReader_py.html","relative_filename":"games\\carracing2d\\actual\\ModelReader.py"}},"d_76063798605c420e_Validator_py":{"hash":"ac79453d5c412fd53f1aa6f4391611fb","index":{"nums":[0,1,190,0,65,72,16,34],"html_filename":"d_76063798605c420e_Validator_py.html","relative_filename":"games\\carracing2d\\actual\\Validator.py"}},"d_94f73d7e1c0546cf_objects_py":{"hash":"01bdc5e915d198b37ce5874cb068f882","index":{"nums":[0,1,141,0,1,30,0,0],"html_filename":"d_94f73d7e1c0546cf_objects_py.html","relative_filename":"games\\carracing2d\\mutants\\baseline\\objects.py"}},"d_94f73d7e1c0546cf_wrapper_py":{"hash":"5698506ed0abe7210307edf1466ffbc4","index":{"nums":[0,1,212,0,19,64,7,9],"html_filename":"d_94f73d7e1c0546cf_wrapper_py.html","relative_filename":"games\\carracing2d\\mutants\\baseline\\wrapper.py"}},"main_py":{"hash":"5c0e86e869cabdfa348b2168cab58c17","index":{"nums":[0,1,40,0,1,6,3,3],"html_filename":"main_py.html","relative_filename":"main.py"}}}}