{"format":2,"version":"7.3.2","globals":"2a976d9730830a5dd63e93afe57b6e58","files":{"MERLIN_py":{"hash":"ce327583cee580af5e73e22ab3c7151b","index":{"nums":[0,1,264,0,141,110,15,79],"html_filename":"MERLIN_py.html","relative_filename":"MERLIN.py"}},"d_76063798605c420e_ModelReader_py":{"hash":"37e88a494b323273ec612d10b255beeb","index":{"nums":[0,1,26,0,0,4,0,0],"html_filename":"d_76063798605c420e_ModelReader_py.html","relative_filename":"games\\carracing2d\\actual\\ModelReader.py"}},"d_76063798605c420e_Validator_py":{"hash":"661523e2fc5f73cf2ea999be028e285f","index":{"nums":[0,1,190,0,74,72,18,38],"html_filename":"d_76063798605c420e_Validator_py.html","relative_filename":"games\\carracing2d\\actual\\Validator.py"}},"d_94f73d7e1c0546cf_objects_py":{"hash":"01bdc5e915d198b37ce5874cb068f882","index":{"nums":[0,1,141,0,1,30,0,0],"html_filename":"d_94f73d7e1c0546cf_objects_py.html","relative_filename":"games\\carracing2d\\mutants\\baseline\\objects.py"}},"d_94f73d7e1c0546cf_wrapper_py":{"hash":"81aad31c2e6fc6a0aa447ca4e50d8af7","index":{"nums":[0,1,212,0,2,64,5,5],"html_filename":"d_94f73d7e1c0546cf_wrapper_py.html","relative_filename":"games\\carracing2d\\mutants\\baseline\\wrapper.py"}},"main_py":{"hash":"5c0e86e869cabdfa348b2168cab58c17","index":{"nums":[0,1,40,0,1,6,3,3],"html_filename":"main_py.html","relative_filename":"main.py"}}}}