{"format":2,"version":"7.3.2","globals":"2a976d9730830a5dd63e93afe57b6e58","files":{"MERLIN_py":{"hash":"da0ac676d47c1bf8b4d7d5cd24ef3ca5","index":{"nums":[0,1,264,0,138,0,0,0],"html_filename":"MERLIN_py.html","relative_filename":"MERLIN.py"}},"d_580062038b9d8347_ModelReader_py":{"hash":"ef3fd4697b12cf2dd01a8e4062db407d","index":{"nums":[0,1,25,0,0,0,0,0],"html_filename":"d_580062038b9d8347_ModelReader_py.html","relative_filename":"games\\dodgywalls\\actual\\ModelReader.py"}},"d_580062038b9d8347_Validator_py":{"hash":"00cb2a8b6efe9886b6d3373ff8ee0ae9","index":{"nums":[0,1,186,0,67,0,0,0],"html_filename":"d_580062038b9d8347_Validator_py.html","relative_filename":"games\\dodgywalls\\actual\\Validator.py"}},"d_580062038b9d8347_objects_py":{"hash":"5141cff9f954fa556e89c88fc9139bd8","index":{"nums":[0,1,147,0,34,0,0,0],"html_filename":"d_580062038b9d8347_objects_py.html","relative_filename":"games\\dodgywalls\\actual\\objects.py"}},"d_963696d48942cd4e_wrapper_py":{"hash":"d94bd790807aa8a4cbf1535f7aaadf29","index":{"nums":[0,1,143,0,8,0,0,0],"html_filename":"d_963696d48942cd4e_wrapper_py.html","relative_filename":"games\\dodgywalls\\mutants\\baseline\\wrapper.py"}},"main_py":{"hash":"74a6824d4a756e25524f26d95b64b870","index":{"nums":[0,1,40,0,1,0,0,0],"html_filename":"main_py.html","relative_filename":"main.py"}}}}