{"format":2,"version":"7.3.2","globals":"2a976d9730830a5dd63e93afe57b6e58","files":{"MERLIN_py":{"hash":"59b29495ff401c56e732a0f0c23b14e3","index":{"nums":[0,1,264,0,144,0,0,0],"html_filename":"MERLIN_py.html","relative_filename":"MERLIN.py"}},"d_db8594f1ce16b303_ModelReader_py":{"hash":"0558b96b8fbe55db345b32027c9ec4f6","index":{"nums":[0,1,24,0,0,0,0,0],"html_filename":"d_db8594f1ce16b303_ModelReader_py.html","relative_filename":"games\\flappybird\\actual\\ModelReader.py"}},"d_db8594f1ce16b303_Validator_py":{"hash":"fc8ebd432bb0070a1a95978e555c7c8d","index":{"nums":[0,1,185,0,63,0,0,0],"html_filename":"d_db8594f1ce16b303_Validator_py.html","relative_filename":"games\\flappybird\\actual\\Validator.py"}},"d_db8594f1ce16b303_wrapper_py":{"hash":"2a75f331e81c257962531c21e6aaf55e","index":{"nums":[0,1,101,0,80,0,0,0],"html_filename":"d_db8594f1ce16b303_wrapper_py.html","relative_filename":"games\\flappybird\\actual\\wrapper.py"}},"d_fd06840f039c555f_sprites_py":{"hash":"96fc2bd2100b5ef1213062247b16a7cb","index":{"nums":[0,1,167,0,15,0,0,0],"html_filename":"d_fd06840f039c555f_sprites_py.html","relative_filename":"games\\flappybird\\mutants\\baseline\\sprites.py"}},"d_fd06840f039c555f_wrapper_py":{"hash":"27d2c2cecb6c41c5be2cf5d96add956a","index":{"nums":[0,1,89,0,5,0,0,0],"html_filename":"d_fd06840f039c555f_wrapper_py.html","relative_filename":"games\\flappybird\\mutants\\baseline\\wrapper.py"}},"main_py":{"hash":"74a6824d4a756e25524f26d95b64b870","index":{"nums":[0,1,40,0,1,0,0,0],"html_filename":"main_py.html","relative_filename":"main.py"}}}}