{"format":2,"version":"7.3.2","globals":"2a976d9730830a5dd63e93afe57b6e58","files":{"MERLIN_py":{"hash":"f4ca87a7a38c91e4de5575aa899f9b7d","index":{"nums":[0,1,264,0,141,0,0,0],"html_filename":"MERLIN_py.html","relative_filename":"MERLIN.py"}},"d_76063798605c420e_ModelReader_py":{"hash":"3725f64bda07332c0568ed7839f4bb65","index":{"nums":[0,1,26,0,0,0,0,0],"html_filename":"d_76063798605c420e_ModelReader_py.html","relative_filename":"games\\carracing2d\\actual\\ModelReader.py"}},"d_76063798605c420e_Validator_py":{"hash":"53639cd53f1a7c834b91875578e3c8f2","index":{"nums":[0,1,190,0,74,0,0,0],"html_filename":"d_76063798605c420e_Validator_py.html","relative_filename":"games\\carracing2d\\actual\\Validator.py"}},"d_94f73d7e1c0546cf_objects_py":{"hash":"3fd3c8ff973a7cc67ffc17bf54a48c86","index":{"nums":[0,1,141,0,1,0,0,0],"html_filename":"d_94f73d7e1c0546cf_objects_py.html","relative_filename":"games\\carracing2d\\mutants\\baseline\\objects.py"}},"d_94f73d7e1c0546cf_wrapper_py":{"hash":"3794724cb455321bda745977390cb3bd","index":{"nums":[0,1,212,0,2,0,0,0],"html_filename":"d_94f73d7e1c0546cf_wrapper_py.html","relative_filename":"games\\carracing2d\\mutants\\baseline\\wrapper.py"}},"main_py":{"hash":"74a6824d4a756e25524f26d95b64b870","index":{"nums":[0,1,40,0,1,0,0,0],"html_filename":"main_py.html","relative_filename":"main.py"}}}}