{"format":2,"version":"7.3.2","globals":"2a976d9730830a5dd63e93afe57b6e58","files":{"MERLIN_py":{"hash":"231ddfebee933fbb8fe55e849cedb1d8","index":{"nums":[0,1,264,0,140,0,0,0],"html_filename":"MERLIN_py.html","relative_filename":"MERLIN.py"}},"d_76063798605c420e_ModelReader_py":{"hash":"3725f64bda07332c0568ed7839f4bb65","index":{"nums":[0,1,26,0,0,0,0,0],"html_filename":"d_76063798605c420e_ModelReader_py.html","relative_filename":"games\\carracing2d\\actual\\ModelReader.py"}},"d_76063798605c420e_Validator_py":{"hash":"5880344bb24afde421528b47cb6d4421","index":{"nums":[0,1,190,0,65,0,0,0],"html_filename":"d_76063798605c420e_Validator_py.html","relative_filename":"games\\carracing2d\\actual\\Validator.py"}},"d_94f73d7e1c0546cf_objects_py":{"hash":"3fd3c8ff973a7cc67ffc17bf54a48c86","index":{"nums":[0,1,141,0,1,0,0,0],"html_filename":"d_94f73d7e1c0546cf_objects_py.html","relative_filename":"games\\carracing2d\\mutants\\baseline\\objects.py"}},"d_94f73d7e1c0546cf_wrapper_py":{"hash":"7383b5ec849449752529ecd7465a5570","index":{"nums":[0,1,212,0,13,0,0,0],"html_filename":"d_94f73d7e1c0546cf_wrapper_py.html","relative_filename":"games\\carracing2d\\mutants\\baseline\\wrapper.py"}},"main_py":{"hash":"74a6824d4a756e25524f26d95b64b870","index":{"nums":[0,1,40,0,1,0,0,0],"html_filename":"main_py.html","relative_filename":"main.py"}}}}