{"format":2,"version":"7.3.2","globals":"2a976d9730830a5dd63e93afe57b6e58","files":{"MERLIN_py":{"hash":"e172f08ba22db5db160eedd24f6991fc","index":{"nums":[0,1,264,0,141,110,15,79],"html_filename":"MERLIN_py.html","relative_filename":"MERLIN.py"}},"d_cb802ec40f71aa49_ModelReader_py":{"hash":"3a5f6f2599bdf574d7049b153d4820e4","index":{"nums":[0,1,26,0,0,4,0,0],"html_filename":"d_cb802ec40f71aa49_ModelReader_py.html","relative_filename":"games\\angrywalls\\actual\\ModelReader.py"}},"d_cb802ec40f71aa49_Validator_py":{"hash":"713f43e8ceb38b2d78656d3bb4efa0d4","index":{"nums":[0,1,184,0,56,64,15,27],"html_filename":"d_cb802ec40f71aa49_Validator_py.html","relative_filename":"games\\angrywalls\\actual\\Validator.py"}},"d_40ace13fea1363d5_objects_py":{"hash":"35a5b5eb0b498a94a8fa4e2ee3a4303e","index":{"nums":[0,1,97,0,1,14,2,2],"html_filename":"d_40ace13fea1363d5_objects_py.html","relative_filename":"games\\angrywalls\\mutants\\baseline\\objects.py"}},"d_40ace13fea1363d5_wrapper_py":{"hash":"dc1ed0a8a5dde970cd0f3bfbf6352b02","index":{"nums":[0,1,264,0,36,84,18,34],"html_filename":"d_40ace13fea1363d5_wrapper_py.html","relative_filename":"games\\angrywalls\\mutants\\baseline\\wrapper.py"}},"main_py":{"hash":"5c0e86e869cabdfa348b2168cab58c17","index":{"nums":[0,1,40,0,1,6,3,3],"html_filename":"main_py.html","relative_filename":"main.py"}}}}